contractSymbol,option_type,expiry,dte,strike,spot,moneyness,lastPrice,bid,ask,mid,spread,volume,openInterest,impliedVolatility,lastTradeDate
AAPL260427C00230000,call,2026-04-27,7,230.0,272.56500244140625,0.8438354078471373,42.3,41.3,43.5,42.4,2.200000000000003,5.0,1,0.7812521875,2026-04-16 13:34:42
AAPL260427C00240000,call,2026-04-27,7,240.0,272.56500244140625,0.8805239038404911,28.82,31.0,33.35,32.175,2.3500000000000014,1.0,3,0.5976602734375001,2026-04-17 13:56:05
AAPL260427C00245000,call,2026-04-27,7,245.0,272.56500244140625,0.898868151837168,29.21,26.05,28.7,27.375,2.6499999999999986,1.0,15,0.5756878369140624,2026-04-16 13:48:59
AAPL260427C00250000,call,2026-04-27,7,250.0,272.56500244140625,0.9172123998338448,21.12,21.05,23.75,22.4,2.6999999999999993,6.0,10,0.5004932763671875,2026-04-17 17:33:47
AAPL260427C00255000,call,2026-04-27,7,255.0,272.56500244140625,0.9355566478305217,17.38,16.55,18.35,17.450000000000003,1.8000000000000007,15.0,208,0.367193828125,2026-04-20 15:04:19
AAPL260427C00257500,call,2026-04-27,7,257.5,272.56500244140625,0.9447287718288602,13.85,14.55,15.95,15.25,1.3999999999999986,2.0,2,0.34009448974609374,2026-04-17 18:50:58
AAPL260427C00260000,call,2026-04-27,7,260.0,272.56500244140625,0.9539008958271986,13.25,12.45,13.1,12.774999999999999,0.6500000000000004,65.0,190,0.2556226782226563,2026-04-20 14:56:00
AAPL260427C00262500,call,2026-04-27,7,262.5,272.56500244140625,0.9630730198255371,9.11,10.4,11.05,10.725000000000001,0.6500000000000004,45.0,15,0.2668530346679688,2026-04-17 19:55:18
AAPL260427C00265000,call,2026-04-27,7,265.0,272.56500244140625,0.9722451438238755,8.69,8.35,8.8,8.575,0.45000000000000107,36.0,467,0.24439232177734377,2026-04-20 15:01:57
AAPL260427C00267500,call,2026-04-27,7,267.5,272.56500244140625,0.981417267822214,7.13,6.45,6.7,6.575,0.25,27.0,263,0.2254716125488281,2026-04-20 14:47:27
AAPL260427C00270000,call,2026-04-27,7,270.0,272.56500244140625,0.9905893918205524,4.95,4.85,5.05,4.949999999999999,0.20000000000000018,921.0,2388,0.22510540527343748,2026-04-20 15:04:32
AAPL260427C00272500,call,2026-04-27,7,272.5,272.56500244140625,0.9997615158188908,3.55,3.45,3.65,3.55,0.19999999999999973,526.0,157,0.2238847143554687,2026-04-20 15:04:35
AAPL260427C00275000,call,2026-04-27,7,275.0,272.56500244140625,1.0089336398172293,2.46,2.39,2.52,2.455,0.1299999999999999,1982.0,1115,0.2224198852539062,2026-04-20 15:04:45
AAPL260427C00277500,call,2026-04-27,7,277.5,272.56500244140625,1.0181057638155677,1.6,1.6,1.7,1.65,0.09999999999999987,329.0,76,0.22412885253906245,2026-04-20 15:07:39
AAPL260427C00280000,call,2026-04-27,7,280.0,272.56500244140625,1.0272778878139062,1.01,1.06,1.1,1.08,0.040000000000000036,621.0,534,0.22534954345703123,2026-04-20 15:07:55
AAPL260427C00282500,call,2026-04-27,7,282.5,272.56500244140625,1.0364500118122446,0.74,0.63,0.73,0.6799999999999999,0.09999999999999998,169.0,178,0.231452998046875,2026-04-20 14:57:15
AAPL260427C00285000,call,2026-04-27,7,285.0,272.56500244140625,1.045622135810583,0.43,0.4,0.45,0.42500000000000004,0.04999999999999999,819.0,389,0.233406103515625,2026-04-20 15:04:13
AAPL260427C00287500,call,2026-04-27,7,287.5,272.56500244140625,1.0547942598089215,0.38,0.27,0.33,0.30000000000000004,0.06,63.0,16,0.24683370361328127,2026-04-20 14:23:30
AAPL260427C00290000,call,2026-04-27,7,290.0,272.56500244140625,1.06396638380726,0.16,0.16,0.18,0.16999999999999998,0.01999999999999999,77.0,236,0.24414818359375,2026-04-20 15:05:17
AAPL260427C00295000,call,2026-04-27,7,295.0,272.56500244140625,1.0823106318039368,0.08,0.05,0.09,0.07,0.039999999999999994,60.0,65,0.264655791015625,2026-04-20 14:51:04
AAPL260427C00300000,call,2026-04-27,7,300.0,272.56500244140625,1.1006548798006137,0.04,0.01,0.05,0.030000000000000002,0.04,266.0,176,0.28711650390624993,2026-04-20 14:41:19
AAPL260427P00220000,put,2026-04-27,7,220.0,272.56500244140625,0.8071469118537834,0.01,0.0,0.04,0.02,0.04,6.0,22,0.5351608984375,2026-04-20 13:56:13
AAPL260427P00225000,put,2026-04-27,7,225.0,272.56500244140625,0.8254911598504603,0.05,0.01,0.06,0.034999999999999996,0.049999999999999996,1.0,1,0.5136767382812499,2026-04-17 17:15:37
AAPL260427P00235000,put,2026-04-27,7,235.0,272.56500244140625,0.8621796558438142,0.07,0.01,0.09,0.049999999999999996,0.08,2.0,18,0.46094289062500005,2026-04-17 18:23:55
AAPL260427P00240000,put,2026-04-27,7,240.0,272.56500244140625,0.8805239038404911,0.05,0.04,0.08,0.06,0.04,28.0,308,0.39649041015625003,2026-04-20 13:56:13
AAPL260427P00242500,put,2026-04-27,7,242.5,272.56500244140625,0.8896960278388295,0.13,0.01,0.1,0.055,0.09000000000000001,3.0,3,0.38086556640624997,2026-04-17 16:39:43
AAPL260427P00245000,put,2026-04-27,7,245.0,272.56500244140625,0.898868151837168,0.08,0.07,0.14,0.10500000000000001,0.07,67.0,130,0.3711000390625,2026-04-20 13:57:35
AAPL260427P00247500,put,2026-04-27,7,247.5,272.56500244140625,0.9080402758355064,0.31,0.03,0.17,0.1,0.14,2.0,2,0.352545537109375,2026-04-17 15:04:04
AAPL260427P00250000,put,2026-04-27,7,250.0,272.56500244140625,0.9172123998338448,0.16,0.13,0.18,0.155,0.04999999999999999,186.0,191,0.32520206054687495,2026-04-20 14:41:30
AAPL260427P00252500,put,2026-04-27,7,252.5,272.56500244140625,0.9263845238321833,0.24,0.11,0.25,0.18,0.14,1.0,29,0.3129951513671875,2026-04-20 13:44:56
AAPL260427P00255000,put,2026-04-27,7,255.0,272.56500244140625,0.9355566478305217,0.29,0.27,0.32,0.29500000000000004,0.04999999999999999,41.0,293,0.29566134033203123,2026-04-20 14:35:00
AAPL260427P00257500,put,2026-04-27,7,257.5,272.56500244140625,0.9447287718288602,0.39,0.36,0.44,0.4,0.08000000000000002,31.0,37,0.282233740234375,2026-04-20 13:53:36
AAPL260427P00260000,put,2026-04-27,7,260.0,272.56500244140625,0.9539008958271986,0.62,0.63,0.67,0.65,0.040000000000000036,223.0,206,0.2766185620117187,2026-04-20 15:04:32
AAPL260427P00262500,put,2026-04-27,7,262.5,272.56500244140625,0.9630730198255371,0.9,0.85,0.96,0.905,0.10999999999999999,55.0,39,0.26697510375976563,2026-04-20 15:01:39
AAPL260427P00265000,put,2026-04-27,7,265.0,272.56500244140625,0.9722451438238755,1.36,1.3,1.43,1.365,0.1299999999999999,365.0,180,0.26282475463867194,2026-04-20 15:04:32
AAPL260427P00267500,put,2026-04-27,7,267.5,272.56500244140625,0.981417267822214,1.9,1.87,2.05,1.96,0.17999999999999972,140.0,34,0.2572095764160156,2026-04-20 15:01:17
AAPL260427P00270000,put,2026-04-27,7,270.0,272.56500244140625,0.9905893918205524,2.82,2.74,2.91,2.825,0.16999999999999993,504.0,221,0.25427991821289064,2026-04-20 15:05:58
AAPL260427P00272500,put,2026-04-27,7,272.5,272.56500244140625,0.9997615158188908,3.8,3.8,4.05,3.925,0.25,257.0,65,0.25440198730468755,2026-04-20 15:05:38
AAPL260427P00275000,put,2026-04-27,7,275.0,272.56500244140625,1.0089336398172293,4.85,5.1,5.45,5.275,0.35000000000000053,80.0,85,0.2556226782226563,2026-04-20 15:02:40
AAPL260427P00277500,put,2026-04-27,7,277.5,272.56500244140625,1.0181057638155677,8.85,6.85,7.2,7.025,0.35000000000000053,3.0,3,0.2651440673828125,2026-04-17 19:17:22
AAPL260427P00280000,put,2026-04-27,7,280.0,272.56500244140625,1.0272778878139062,8.5,8.35,9.1,8.725,0.75,13.0,60,0.27259028198242186,2026-04-20 14:58:42
AAPL260427P00285000,put,2026-04-27,7,285.0,272.56500244140625,1.045622135810583,15.3,11.4,13.85,12.625,2.4499999999999993,20.0,20,0.3391179370117187,2026-04-17 14:48:08
AAPL260429C00230000,call,2026-04-29,9,230.0,272.56500244140625,0.8438354078471373,40.45,41.2,43.7,42.45,2.5,4.0,4,0.7326686889648437,2026-04-17 15:55:42
AAPL260429C00240000,call,2026-04-29,9,240.0,272.56500244140625,0.8805239038404911,32.8,31.15,33.75,32.45,2.6000000000000014,6.0,8,0.5944864770507813,2026-04-20 14:51:11
AAPL260429C00245000,call,2026-04-29,9,245.0,272.56500244140625,0.898868151837168,29.28,26.0,28.85,27.425,2.8500000000000014,1.0,1,0.5336960693359375,2026-04-15 19:48:20
AAPL260429C00250000,call,2026-04-29,9,250.0,272.56500244140625,0.9172123998338448,20.0,21.95,23.95,22.95,2.0,2.0,7,0.4699760034179688,2026-04-17 14:17:09
AAPL260429C00255000,call,2026-04-29,9,255.0,272.56500244140625,0.9355566478305217,17.83,17.15,18.45,17.799999999999997,1.3000000000000007,22.0,106,0.34009448974609374,2026-04-20 15:02:02
AAPL260429C00257500,call,2026-04-29,9,257.5,272.56500244140625,0.9447287718288602,14.22,14.15,16.85,15.5,2.700000000000001,8.0,5,0.3888000573730469,2026-04-17 17:47:48
AAPL260429C00260000,call,2026-04-29,9,260.0,272.56500244140625,0.9539008958271986,13.28,12.6,13.95,13.274999999999999,1.3499999999999996,29.0,827,0.313483427734375,2026-04-20 15:02:02
AAPL260429C00262500,call,2026-04-29,9,262.5,272.56500244140625,0.9630730198255371,10.0,9.85,12.5,11.175,2.6500000000000004,11.0,10,0.350470362548828,2026-04-17 17:23:50
AAPL260429C00265000,call,2026-04-29,9,265.0,272.56500244140625,0.9722451438238755,9.01,8.9,9.6,9.25,0.6999999999999993,79.0,944,0.2758861474609374,2026-04-20 15:07:37
AAPL260429C00267500,call,2026-04-29,9,267.5,272.56500244140625,0.981417267822214,7.64,7.15,7.55,7.35,0.39999999999999947,55.0,65,0.2557447473144532,2026-04-20 14:43:22
AAPL260429C00270000,call,2026-04-29,9,270.0,272.56500244140625,0.9905893918205524,5.65,5.55,5.75,5.65,0.20000000000000018,872.0,1494,0.24182887084960938,2026-04-20 15:06:31
AAPL260429C00272500,call,2026-04-29,9,272.5,272.56500244140625,0.9997615158188908,4.25,4.1,4.4,4.25,0.3000000000000007,525.0,337,0.24195093994140626,2026-04-20 15:04:19
AAPL260429C00275000,call,2026-04-29,9,275.0,272.56500244140625,1.0089336398172293,3.15,3.0,3.15,3.075,0.1499999999999999,1589.0,1721,0.2348709326171875,2026-04-20 15:04:56
AAPL260429C00277500,call,2026-04-29,9,277.5,272.56500244140625,1.0181057638155677,2.27,2.16,2.35,2.255,0.18999999999999995,178.0,52,0.24085231811523436,2026-04-20 15:05:06
AAPL260429C00280000,call,2026-04-29,9,280.0,272.56500244140625,1.0272778878139062,1.68,1.68,1.68,1.68,0.0,1623.0,5644,0.2430495617675781,2026-04-20 15:04:39
AAPL260429C00282500,call,2026-04-29,9,282.5,272.56500244140625,1.0364500118122446,1.28,1.07,1.37,1.2200000000000002,0.30000000000000004,285.0,50,0.2606275109863281,2026-04-20 14:54:09
AAPL260429C00285000,call,2026-04-29,9,285.0,272.56500244140625,1.045622135810583,0.8,0.68,0.85,0.765,0.16999999999999993,223.0,337,0.25196060546875,2026-04-20 15:03:18
AAPL260429C00287500,call,2026-04-29,9,287.5,272.56500244140625,1.0547942598089215,0.65,0.48,0.71,0.595,0.22999999999999998,19.0,14,0.2695385546875,2026-04-20 14:24:45
AAPL260429C00290000,call,2026-04-29,9,290.0,272.56500244140625,1.06396638380726,0.31,0.33,0.44,0.385,0.10999999999999999,299.0,252,0.26489992919921873,2026-04-20 15:07:25
AAPL260429C00295000,call,2026-04-29,9,295.0,272.56500244140625,1.0823106318039368,0.18,0.14,0.24,0.19,0.09999999999999998,83.0,1282,0.28076891113281244,2026-04-20 14:57:43
AAPL260429C00300000,call,2026-04-29,9,300.0,272.56500244140625,1.1006548798006137,0.08,0.05,0.08,0.065,0.03,221.0,245,0.273444765625,2026-04-20 15:02:00
AAPL260429C00310000,call,2026-04-29,9,310.0,272.56500244140625,1.1373433757939675,0.03,0.02,0.05,0.035,0.030000000000000002,25.0,252,0.33008482421874996,2026-04-20 14:38:42
AAPL260429P00220000,put,2026-04-29,9,220.0,272.56500244140625,0.8071469118537834,0.04,0.0,0.1,0.05,0.1,465.0,467,0.5273484765625001,2026-04-17 19:45:20
AAPL260429P00225000,put,2026-04-29,9,225.0,272.56500244140625,0.8254911598504603,0.04,0.01,0.2,0.10500000000000001,0.19,9.0,12,0.526371923828125,2026-04-17 15:25:40
AAPL260429P00230000,put,2026-04-29,9,230.0,272.56500244140625,0.8438354078471373,0.06,0.02,0.09,0.055,0.06999999999999999,2.0,7,0.46289599609375004,2026-04-20 14:19:07
AAPL260429P00235000,put,2026-04-29,9,235.0,272.56500244140625,0.8621796558438142,0.09,0.03,0.09,0.06,0.06,1.0,108,0.41211525390625,2026-04-20 14:09:06
AAPL260429P00237500,put,2026-04-29,9,237.5,272.56500244140625,0.8713517798421526,0.22,0.01,0.21,0.11,0.19999999999999998,1.0,1,0.44043528320312497,2026-04-17 17:03:28
AAPL260429P00240000,put,2026-04-29,9,240.0,272.56500244140625,0.8805239038404911,0.21,0.05,0.16,0.10500000000000001,0.11,63.0,70,0.393560751953125,2026-04-17 17:13:11
AAPL260429P00245000,put,2026-04-29,9,245.0,272.56500244140625,0.898868151837168,0.14,0.11,0.18,0.145,0.06999999999999999,4.0,266,0.3461979443359374,2026-04-20 14:10:15
AAPL260429P00250000,put,2026-04-29,9,250.0,272.56500244140625,0.9172123998338448,0.26,0.25,0.32,0.28500000000000003,0.07,132.0,158,0.3249579223632812,2026-04-20 15:04:22
AAPL260429P00255000,put,2026-04-29,9,255.0,272.56500244140625,0.9355566478305217,0.42,0.43,0.53,0.48,0.10000000000000003,16.0,86,0.2981027221679687,2026-04-20 14:42:51
AAPL260429P00257500,put,2026-04-29,9,257.5,272.56500244140625,0.9447287718288602,0.73,0.69,0.73,0.71,0.040000000000000036,11.0,25,0.28955788574218744,2026-04-20 15:04:11
AAPL260429P00260000,put,2026-04-29,9,260.0,272.56500244140625,0.9539008958271986,0.92,0.95,1.01,0.98,0.06000000000000005,269.0,317,0.2819896020507812,2026-04-20 15:04:19
AAPL260429P00262500,put,2026-04-29,9,262.5,272.56500244140625,0.9630730198255371,1.32,1.26,1.43,1.345,0.16999999999999993,52.0,35,0.27808339111328123,2026-04-20 14:59:12
AAPL260429P00265000,put,2026-04-29,9,265.0,272.56500244140625,0.9722451438238755,1.63,1.72,2.05,1.8849999999999998,0.32999999999999985,356.0,88,0.2786937365722656,2026-04-20 14:55:26
AAPL260429P00267500,put,2026-04-29,9,267.5,272.56500244140625,0.981417267822214,2.44,2.43,2.81,2.62,0.3799999999999999,184.0,93,0.27722890747070306,2026-04-20 14:51:16
AAPL260429P00270000,put,2026-04-29,9,270.0,272.56500244140625,0.9905893918205524,3.35,3.35,3.5,3.425,0.1499999999999999,131.0,152,0.2613599255371094,2026-04-20 15:03:27
AAPL260429P00272500,put,2026-04-29,9,272.5,272.56500244140625,0.9997615158188908,3.95,4.1,4.7,4.4,0.6000000000000005,30.0,16,0.26367923828125,2026-04-20 14:47:28
AAPL260429P00275000,put,2026-04-29,9,275.0,272.56500244140625,1.0089336398172293,5.35,5.5,6.15,5.825,0.6500000000000004,60.0,8,0.2683178637695312,2026-04-20 14:44:51
AAPL260429P00277500,put,2026-04-29,9,277.5,272.56500244140625,1.0181057638155677,7.0,7.2,7.8,7.5,0.5999999999999996,5.0,1,0.27332269653320307,2026-04-20 14:42:45
AAPL260429P00280000,put,2026-04-29,9,280.0,272.56500244140625,1.0272778878139062,9.09,8.95,9.8,9.375,0.8500000000000014,6.0,28,0.29004616210937495,2026-04-20 14:58:44
AAPL260429P00290000,put,2026-04-29,9,290.0,272.56500244140625,1.06396638380726,16.95,16.2,19.1,17.65,2.900000000000002,25.0,25,0.39490351196289064,2026-04-20 14:37:13
AAPL260429P00300000,put,2026-04-29,9,300.0,272.56500244140625,1.1006548798006137,33.3,25.95,29.1,27.525,3.150000000000002,2.0,2,0.5245408874511719,2026-04-17 13:30:22
AAPL260429P00310000,put,2026-04-29,9,310.0,272.56500244140625,1.1373433757939675,42.35,36.05,39.1,37.575,3.0500000000000043,2.0,2,0.6414830773925781,2026-04-17 13:30:06
AAPL260501C00220000,call,2026-05-01,11,220.0,272.56500244140625,0.8071469118537834,51.0,51.15,53.85,52.5,2.700000000000003,1.0,121,0.8271501660156249,2026-04-17 17:26:05
AAPL260501C00225000,call,2026-05-01,11,225.0,272.56500244140625,0.8254911598504603,45.86,46.2,48.9,47.55,2.6999999999999957,1.0,35,0.7656273437500001,2026-04-17 18:10:28
AAPL260501C00230000,call,2026-05-01,11,230.0,272.56500244140625,0.8438354078471373,40.42,41.3,44.0,42.65,2.700000000000003,10.0,169,0.7104521142578125,2026-04-17 19:44:17
AAPL260501C00232500,call,2026-05-01,11,232.5,272.56500244140625,0.8530075318454757,37.66,38.85,41.55,40.2,2.6999999999999957,32.0,32,0.6823762231445314,2026-04-17 19:30:56
AAPL260501C00235000,call,2026-05-01,11,235.0,272.56500244140625,0.8621796558438142,36.18,36.4,39.1,37.75,2.700000000000003,3.0,173,0.6535679174804689,2026-04-17 17:20:59
AAPL260501C00237500,call,2026-05-01,11,237.5,272.56500244140625,0.8713517798421526,33.74,33.95,36.65,35.3,2.6999999999999957,5.0,30,0.6245154736328126,2026-04-17 17:35:05
AAPL260501C00240000,call,2026-05-01,11,240.0,272.56500244140625,0.8805239038404911,33.5,31.55,33.4,32.475,1.8499999999999979,2.0,360,0.4953663745117188,2026-04-20 13:55:23
AAPL260501C00242500,call,2026-05-01,11,242.5,272.56500244140625,0.8896960278388295,29.91,29.15,31.85,30.5,2.700000000000003,4.0,90,0.5749554223632812,2026-04-17 16:34:23
AAPL260501C00245000,call,2026-05-01,11,245.0,272.56500244140625,0.898868151837168,28.28,27.6,28.7,28.15,1.0999999999999979,1.0,328,0.47022014160156256,2026-04-17 19:24:49
AAPL260501C00247500,call,2026-05-01,11,247.5,272.56500244140625,0.9080402758355064,25.36,25.35,26.25,25.8,0.8999999999999986,2.0,23,0.442388388671875,2026-04-17 15:13:42
AAPL260501C00250000,call,2026-05-01,11,250.0,272.56500244140625,0.9172123998338448,23.75,23.1,23.5,23.3,0.3999999999999986,12.0,1436,0.3811097045898437,2026-04-20 15:01:46
AAPL260501C00252500,call,2026-05-01,11,252.5,272.56500244140625,0.9263845238321833,21.3,21.0,21.75,21.375,0.75,8.0,55,0.4211483666992188,2026-04-17 15:40:21
AAPL260501C00255000,call,2026-05-01,11,255.0,272.56500244140625,0.9355566478305217,19.18,18.65,19.05,18.85,0.40000000000000213,33.0,3226,0.36743796630859377,2026-04-20 14:57:45
AAPL260501C00257500,call,2026-05-01,11,257.5,272.56500244140625,0.9447287718288602,17.48,16.6,17.25,16.925,0.6499999999999986,15.0,314,0.3848938464355468,2026-04-20 14:51:05
AAPL260501C00260000,call,2026-05-01,11,260.0,272.56500244140625,0.9539008958271986,14.85,14.75,15.0,14.875,0.25,253.0,5626,0.3619448571777344,2026-04-20 15:06:24
AAPL260501C00262500,call,2026-05-01,11,262.5,272.56500244140625,0.9630730198255371,13.03,12.85,13.1,12.975,0.25,33.0,743,0.35742830078125,2026-04-20 15:03:48
AAPL260501C00265000,call,2026-05-01,11,265.0,272.56500244140625,0.9722451438238755,11.16,11.1,11.3,11.2,0.20000000000000107,232.0,4269,0.35217932983398437,2026-04-20 15:07:39
AAPL260501C00267500,call,2026-05-01,11,267.5,272.56500244140625,0.981417267822214,9.7,9.45,9.75,9.6,0.3000000000000007,82.0,620,0.3537662280273437,2026-04-20 14:59:57
AAPL260501C00270000,call,2026-05-01,11,270.0,272.56500244140625,0.9905893918205524,8.1,8.0,8.15,8.075,0.15000000000000036,1388.0,5280,0.34534346069335936,2026-04-20 15:04:54
AAPL260501C00272500,call,2026-05-01,11,272.5,272.56500244140625,0.9997615158188908,6.75,6.7,6.8,6.75,0.09999999999999964,559.0,2522,0.34265794067382804,2026-04-20 15:06:25
AAPL260501C00275000,call,2026-05-01,11,275.0,272.56500244140625,1.0089336398172293,5.6,5.5,5.6,5.55,0.09999999999999964,2760.0,10666,0.3402165588378906,2026-04-20 15:07:57
AAPL260501C00277500,call,2026-05-01,11,277.5,272.56500244140625,1.0181057638155677,4.65,4.5,4.6,4.55,0.09999999999999964,206.0,1152,0.3404606970214844,2026-04-20 15:01:31
AAPL260501C00280000,call,2026-05-01,11,280.0,272.56500244140625,1.0272778878139062,3.68,3.6,3.7,3.6500000000000004,0.10000000000000009,5743.0,5961,0.33875172973632806,2026-04-20 15:05:36
AAPL260501C00282500,call,2026-05-01,11,282.5,272.56500244140625,1.0364500118122446,3.15,2.86,2.94,2.9,0.08000000000000007,276.0,905,0.33740896972656254,2026-04-20 14:54:58
AAPL260501C00285000,call,2026-05-01,11,285.0,272.56500244140625,1.045622135810583,2.3,2.26,2.32,2.29,0.06000000000000005,1039.0,4240,0.3371648315429688,2026-04-20 15:07:39
AAPL260501C00287500,call,2026-05-01,11,287.5,272.56500244140625,1.0547942598089215,1.89,1.77,1.86,1.815,0.09000000000000008,864.0,589,0.3407048352050781,2026-04-20 15:01:31
AAPL260501C00290000,call,2026-05-01,11,290.0,272.56500244140625,1.06396638380726,1.45,1.37,1.4,1.385,0.029999999999999805,2567.0,2493,0.33740896972656254,2026-04-20 14:59:43
AAPL260501C00292500,call,2026-05-01,11,292.5,272.56500244140625,1.0731385078055984,1.15,1.06,1.12,1.09,0.06000000000000005,69.0,123,0.34229173339843744,2026-04-20 15:00:49
AAPL260501C00295000,call,2026-05-01,11,295.0,272.56500244140625,1.0823106318039368,0.82,0.81,0.84,0.825,0.029999999999999916,702.0,1516,0.3413151806640625,2026-04-20 15:07:34
AAPL260501C00297500,call,2026-05-01,11,297.5,272.56500244140625,1.0914827558022753,0.67,0.63,0.67,0.65,0.040000000000000036,75.0,51,0.34668622070312494,2026-04-20 15:00:58
AAPL260501C00300000,call,2026-05-01,11,300.0,272.56500244140625,1.1006548798006137,0.5,0.48,0.5,0.49,0.020000000000000018,1079.0,2807,0.3469303588867187,2026-04-20 15:02:20
AAPL260501C00305000,call,2026-05-01,11,305.0,272.56500244140625,1.1189991277972906,0.3,0.27,0.3,0.28500000000000003,0.02999999999999997,263.0,720,0.3540103662109374,2026-04-20 14:54:11
AAPL260501C00310000,call,2026-05-01,11,310.0,272.56500244140625,1.1373433757939675,0.18,0.16,0.19,0.175,0.03,289.0,272,0.36524072265625,2026-04-20 15:02:24
AAPL260501C00315000,call,2026-05-01,11,315.0,272.56500244140625,1.1556876237906444,0.1,0.1,0.11,0.10500000000000001,0.009999999999999995,95.0,229,0.370123486328125,2026-04-20 15:05:41
AAPL260501C00320000,call,2026-05-01,11,320.0,272.56500244140625,1.1740318717873213,0.07,0.05,0.08,0.065,0.03,32.0,374,0.387701435546875,2026-04-20 14:53:16
AAPL260501C00325000,call,2026-05-01,11,325.0,272.56500244140625,1.1923761197839984,0.03,0.03,0.06,0.045,0.03,12.0,55,0.40430283203125,2026-04-17 18:30:09
AAPL260501P00220000,put,2026-05-01,11,220.0,272.56500244140625,0.8071469118537834,0.12,0.12,0.14,0.13,0.020000000000000018,89.0,998,0.5459029785156251,2026-04-20 15:02:33
AAPL260501P00225000,put,2026-05-01,11,225.0,272.56500244140625,0.8254911598504603,0.17,0.17,0.18,0.175,0.009999999999999981,193.0,738,0.51758294921875,2026-04-20 14:59:38
AAPL260501P00227500,put,2026-05-01,11,227.5,272.56500244140625,0.8346632838487988,0.21,0.16,0.24,0.2,0.07999999999999999,1.0,1,0.5019581054687501,2026-04-17 19:32:20
AAPL260501P00230000,put,2026-05-01,11,230.0,272.56500244140625,0.8438354078471373,0.21,0.22,0.25,0.235,0.03,135.0,1351,0.49414568359375005,2026-04-20 14:44:24
AAPL260501P00235000,put,2026-05-01,11,235.0,272.56500244140625,0.8621796558438142,0.31,0.32,0.33,0.325,0.010000000000000009,55.0,1443,0.4633842724609375,2026-04-20 14:54:07
AAPL260501P00237500,put,2026-05-01,11,237.5,272.56500244140625,0.8713517798421526,0.32,0.33,0.4,0.365,0.07,50.0,298,0.45215391601562505,2026-04-20 14:25:58
AAPL260501P00240000,put,2026-05-01,11,240.0,272.56500244140625,0.8805239038404911,0.46,0.45,0.47,0.45999999999999996,0.019999999999999962,272.0,3426,0.43848217773437503,2026-04-20 15:05:52
AAPL260501P00242500,put,2026-05-01,11,242.5,272.56500244140625,0.8896960278388295,0.55,0.52,0.58,0.55,0.05999999999999994,6.0,219,0.428716650390625,2026-04-20 14:59:45
AAPL260501P00245000,put,2026-05-01,11,245.0,272.56500244140625,0.898868151837168,0.66,0.65,0.7,0.675,0.04999999999999993,271.0,1273,0.4172421557617187,2026-04-20 15:02:03
AAPL260501P00247500,put,2026-05-01,11,247.5,272.56500244140625,0.9080402758355064,0.79,0.79,0.87,0.8300000000000001,0.07999999999999996,39.0,307,0.40869731933593745,2026-04-20 14:59:58
AAPL260501P00250000,put,2026-05-01,11,250.0,272.56500244140625,0.9172123998338448,1.07,1.02,1.08,1.05,0.06000000000000005,497.0,20546,0.40027455200195317,2026-04-20 15:04:20
AAPL260501P00252500,put,2026-05-01,11,252.5,272.56500244140625,0.9263845238321833,1.31,1.27,1.35,1.31,0.08000000000000007,140.0,651,0.3930724755859375,2026-04-20 15:06:46
AAPL260501P00255000,put,2026-05-01,11,255.0,272.56500244140625,0.9355566478305217,1.61,1.61,1.67,1.6400000000000001,0.05999999999999983,211.0,1349,0.3852600537109374,2026-04-20 15:04:08
AAPL260501P00257500,put,2026-05-01,11,257.5,272.56500244140625,0.9447287718288602,2.05,2.03,2.08,2.0549999999999997,0.050000000000000266,274.0,1563,0.3790345300292969,2026-04-20 15:04:19
AAPL260501P00260000,put,2026-05-01,11,260.0,272.56500244140625,0.9539008958271986,2.54,2.55,2.6,2.575,0.050000000000000266,486.0,2450,0.3746400427246094,2026-04-20 15:07:24
AAPL260501P00262500,put,2026-05-01,11,262.5,272.56500244140625,0.9630730198255371,3.15,3.05,3.25,3.15,0.20000000000000018,126.0,363,0.372076591796875,2026-04-20 15:04:39
AAPL260501P00265000,put,2026-05-01,11,265.0,272.56500244140625,0.9722451438238755,3.9,3.85,3.9,3.875,0.04999999999999982,1303.0,838,0.3629214099121094,2026-04-20 15:07:13
AAPL260501P00267500,put,2026-05-01,11,267.5,272.56500244140625,0.981417267822214,4.71,4.7,4.85,4.775,0.14999999999999947,160.0,1170,0.36389796264648444,2026-04-20 15:01:53
AAPL260501P00270000,put,2026-05-01,11,270.0,272.56500244140625,0.9905893918205524,5.8,5.8,5.85,5.824999999999999,0.04999999999999982,350.0,869,0.36035795898437495,2026-04-20 15:07:28
AAPL260501P00272500,put,2026-05-01,11,272.5,272.56500244140625,0.9997615158188908,6.85,6.85,6.95,6.9,0.10000000000000053,192.0,85,0.3548648498535155,2026-04-20 15:05:17
AAPL260501P00275000,put,2026-05-01,11,275.0,272.56500244140625,1.0089336398172293,8.15,8.25,8.35,8.3,0.09999999999999964,206.0,1398,0.3575503698730469,2026-04-20 15:04:09
AAPL260501P00277500,put,2026-05-01,11,277.5,272.56500244140625,1.0181057638155677,9.42,9.6,9.75,9.675,0.15000000000000036,1.0,38,0.35315588256835934,2026-04-20 14:57:41
AAPL260501P00280000,put,2026-05-01,11,280.0,272.56500244140625,1.0272778878139062,11.26,11.2,11.5,11.35,0.3000000000000007,62.0,1030,0.3601748553466796,2026-04-20 15:02:12
AAPL260501P00282500,put,2026-05-01,11,282.5,272.56500244140625,1.0364500118122446,12.45,12.35,13.25,12.8,0.9000000000000004,7.0,45,0.36084623535156246,2026-04-20 13:53:43
AAPL260501P00285000,put,2026-05-01,11,285.0,272.56500244140625,1.045622135810583,15.0,14.05,15.2,14.625,1.1499999999999986,5.0,224,0.36694968994140625,2026-04-20 15:04:19
AAPL260501P00290000,put,2026-05-01,11,290.0,272.56500244140625,1.06396638380726,20.25,17.75,20.15,18.95,2.3999999999999986,2.0,4,0.43530838134765626,2026-04-17 18:35:34
AAPL260501P00292500,put,2026-05-01,11,292.5,272.56500244140625,1.0731385078055984,23.5,19.85,22.35,21.1,2.5,9.0,9,0.4480035668945312,2026-04-17 14:41:08
AAPL260501P00300000,put,2026-05-01,11,300.0,272.56500244140625,1.1006548798006137,28.71,26.4,29.6,28.0,3.200000000000003,4.0,4,0.5212450219726561,2026-04-17 15:05:24
AAPL260508C00220000,call,2026-05-08,18,220.0,272.56500244140625,0.8071469118537834,51.2,51.25,54.55,52.9,3.299999999999997,1.0,105,0.7355983471679688,2026-04-17 17:26:59
AAPL260508C00225000,call,2026-05-08,18,225.0,272.56500244140625,0.8254911598504603,37.9,46.45,49.2,47.825,2.75,2.0,5,0.6413610083007812,2026-04-10 15:05:54
AAPL260508C00230000,call,2026-05-08,18,230.0,272.56500244140625,0.8438354078471373,44.43,41.9,44.3,43.099999999999994,2.3999999999999986,2.0,32,0.594730615234375,2026-04-20 14:32:40
AAPL260508C00235000,call,2026-05-08,18,235.0,272.56500244140625,0.8621796558438142,39.32,36.75,39.45,38.1,2.700000000000003,5.0,48,0.5512740185546876,2026-04-20 14:30:49
AAPL260508C00240000,call,2026-05-08,18,240.0,272.56500244140625,0.8805239038404911,24.9,32.75,34.05,33.4,1.2999999999999972,16.0,506,0.4594780615234375,2026-04-16 15:21:50
AAPL260508C00245000,call,2026-05-08,18,245.0,272.56500244140625,0.898868151837168,26.05,28.15,29.3,28.725,1.1500000000000021,2.0,81,0.4244442321777344,2026-04-17 14:39:03
AAPL260508C00250000,call,2026-05-08,18,250.0,272.56500244140625,0.9172123998338448,25.95,23.7,24.25,23.975,0.5500000000000007,30.0,804,0.36340968627929693,2026-04-20 14:24:16
AAPL260508C00255000,call,2026-05-08,18,255.0,272.56500244140625,0.9355566478305217,21.4,19.45,19.8,19.625,0.3500000000000014,8.0,418,0.34009448974609374,2026-04-20 14:04:19
AAPL260508C00260000,call,2026-05-08,18,260.0,272.56500244140625,0.9539008958271986,16.16,15.6,16.0,15.8,0.40000000000000036,195.0,1177,0.3390569024658203,2026-04-20 14:41:52
AAPL260508C00265000,call,2026-05-08,18,265.0,272.56500244140625,0.9722451438238755,12.35,12.05,12.35,12.2,0.29999999999999893,56.0,1294,0.3265448205566406,2026-04-20 15:03:03
AAPL260508C00270000,call,2026-05-08,18,270.0,272.56500244140625,0.9905893918205524,9.12,9.05,9.2,9.125,0.14999999999999858,474.0,1915,0.317389638671875,2026-04-20 15:05:41
AAPL260508C00275000,call,2026-05-08,18,275.0,272.56500244140625,1.0089336398172293,6.52,6.45,6.6,6.525,0.14999999999999947,606.0,4246,0.3108589422607422,2026-04-20 15:06:01
AAPL260508C00280000,call,2026-05-08,18,280.0,272.56500244140625,1.0272778878139062,4.5,4.4,4.6,4.5,0.1999999999999993,649.0,2958,0.30811238769531246,2026-04-20 15:06:19
AAPL260508C00285000,call,2026-05-08,18,285.0,272.56500244140625,1.045622135810583,3.11,2.97,3.1,3.035,0.1299999999999999,159.0,1654,0.30676962768554683,2026-04-20 14:59:25
AAPL260508C00290000,call,2026-05-08,18,290.0,272.56500244140625,1.06396638380726,1.95,1.92,1.99,1.955,0.07000000000000006,344.0,3747,0.3043282458496094,2026-04-20 15:07:19
AAPL260508C00295000,call,2026-05-08,18,295.0,272.56500244140625,1.0823106318039368,1.34,1.23,1.28,1.255,0.050000000000000044,1046.0,1578,0.3064034204101562,2026-04-20 14:55:14
AAPL260508C00300000,call,2026-05-08,18,300.0,272.56500244140625,1.1006548798006137,0.79,0.78,0.81,0.795,0.030000000000000027,114.0,2419,0.3090889404296875,2026-04-20 15:04:18
AAPL260508C00305000,call,2026-05-08,18,305.0,272.56500244140625,1.1189991277972906,0.52,0.49,0.52,0.505,0.030000000000000027,73.0,941,0.31445998046874996,2026-04-20 15:04:35
AAPL260508C00310000,call,2026-05-08,18,310.0,272.56500244140625,1.1373433757939675,0.37,0.31,0.37,0.33999999999999997,0.06,85.0,226,0.32617861328125,2026-04-20 14:37:54
AAPL260508C00315000,call,2026-05-08,18,315.0,272.56500244140625,1.1556876237906444,0.23,0.18,0.24,0.21,0.06,10.0,36,0.3320379296875,2026-04-20 13:34:51
AAPL260508C00320000,call,2026-05-08,18,320.0,272.56500244140625,1.1740318717873213,0.16,0.11,0.16,0.135,0.05,63.0,27,0.3393620751953125,2026-04-20 13:56:39
AAPL260508C00325000,call,2026-05-08,18,325.0,272.56500244140625,1.1923761197839984,0.11,0.07,0.11,0.09,0.039999999999999994,12.0,13,0.34766277343749996,2026-04-20 14:29:49
AAPL260508P00220000,put,2026-05-08,18,220.0,272.56500244140625,0.8071469118537834,0.2,0.17,0.21,0.19,0.03999999999999998,23.0,922,0.46533737792968755,2026-04-20 15:07:18
AAPL260508P00225000,put,2026-05-08,18,225.0,272.56500244140625,0.8254911598504603,0.25,0.25,0.33,0.29000000000000004,0.08000000000000002,9.0,434,0.45654840332031255,2026-04-20 13:56:40
AAPL260508P00230000,put,2026-05-08,18,230.0,272.56500244140625,0.8438354078471373,0.35,0.33,0.4,0.365,0.07,103.0,2579,0.42676354492187507,2026-04-20 14:42:20
AAPL260508P00235000,put,2026-05-08,18,235.0,272.56500244140625,0.8621796558438142,0.45,0.43,0.53,0.48,0.10000000000000003,9.0,513,0.40405869384765625,2026-04-20 14:23:37
AAPL260508P00240000,put,2026-05-08,18,240.0,272.56500244140625,0.8805239038404911,0.7,0.68,0.75,0.7150000000000001,0.06999999999999995,156.0,677,0.3864807446289062,2026-04-20 14:56:03
AAPL260508P00245000,put,2026-05-08,18,245.0,272.56500244140625,0.898868151837168,1.03,1.0,1.05,1.025,0.050000000000000044,100.0,2430,0.36804831176757813,2026-04-20 15:03:07
AAPL260508P00250000,put,2026-05-08,18,250.0,272.56500244140625,0.9172123998338448,1.46,1.47,1.56,1.5150000000000001,0.09000000000000008,296.0,1189,0.3562076098632812,2026-04-20 14:55:55
AAPL260508P00255000,put,2026-05-08,18,255.0,272.56500244140625,0.9355566478305217,2.19,2.17,2.32,2.245,0.1499999999999999,112.0,419,0.34668622070312494,2026-04-20 15:03:07
AAPL260508P00260000,put,2026-05-08,18,260.0,272.56500244140625,0.9539008958271986,3.13,3.2,3.35,3.2750000000000004,0.1499999999999999,499.0,1037,0.33612724426269536,2026-04-20 14:55:55
AAPL260508P00265000,put,2026-05-08,18,265.0,272.56500244140625,0.9722451438238755,4.45,4.55,4.75,4.65,0.20000000000000018,215.0,675,0.32617861328125,2026-04-20 14:51:05
AAPL260508P00270000,put,2026-05-08,18,270.0,272.56500244140625,0.9905893918205524,6.65,6.5,6.65,6.575,0.15000000000000036,162.0,204,0.31909860595703116,2026-04-20 15:06:12
AAPL260508P00275000,put,2026-05-08,18,275.0,272.56500244140625,1.0089336398172293,8.61,8.85,9.2,9.024999999999999,0.34999999999999964,83.0,75,0.3186103295898437,2026-04-20 14:44:21
AAPL260508P00280000,put,2026-05-08,18,280.0,272.56500244140625,1.0272778878139062,10.8,11.85,12.25,12.05,0.40000000000000036,1.0,6,0.3184882604980468,2026-04-20 14:02:23
AAPL260508P00285000,put,2026-05-08,18,285.0,272.56500244140625,1.045622135810583,15.6,15.0,15.9,15.45,0.9000000000000004,1.0,36,0.3254461987304687,2026-04-20 13:33:46
AAPL260508P00290000,put,2026-05-08,18,290.0,272.56500244140625,1.06396638380726,31.92,18.05,20.25,19.15,2.1999999999999993,10.0,31,0.3513248461914062,2026-04-08 19:53:11
AAPL260508P00300000,put,2026-05-08,18,300.0,272.56500244140625,1.1006548798006137,30.34,26.45,29.9,28.174999999999997,3.4499999999999993,2.0,1,0.4331111376953125,2026-04-17 14:46:19
AAPL260515C00220000,call,2026-05-15,25,220.0,272.56500244140625,0.8071469118537834,50.99,52.35,54.0,53.175,1.6499999999999986,156.0,1732,0.5773968041992188,2026-04-17 19:57:05
AAPL260515C00225000,call,2026-05-15,25,225.0,272.56500244140625,0.8254911598504603,46.52,47.45,49.3,48.375,1.8499999999999943,98.0,735,0.5571333349609376,2026-04-17 17:37:26
AAPL260515C00230000,call,2026-05-15,25,230.0,272.56500244140625,0.8438354078471373,45.0,42.6,43.45,43.025000000000006,0.8500000000000014,3.0,1636,0.4276180285644532,2026-04-20 13:56:53
AAPL260515C00235000,call,2026-05-15,25,235.0,272.56500244140625,0.8621796558438142,39.15,37.15,39.15,38.15,2.0,26.0,2005,0.4480035668945312,2026-04-20 14:47:13
AAPL260515C00240000,call,2026-05-15,25,240.0,272.56500244140625,0.8805239038404911,34.82,33.1,33.75,33.425,0.6499999999999986,31.0,41180,0.36865865722656255,2026-04-20 14:30:49
AAPL260515C00245000,call,2026-05-15,25,245.0,272.56500244140625,0.898868151837168,28.7,28.55,29.15,28.85,0.5999999999999979,7.0,2176,0.352545537109375,2026-04-20 15:06:28
AAPL260515C00250000,call,2026-05-15,25,250.0,272.56500244140625,0.9172123998338448,24.65,24.2,24.4,24.299999999999997,0.1999999999999993,75.0,10100,0.3198310205078124,2026-04-20 15:03:03
AAPL260515C00255000,call,2026-05-15,25,255.0,272.56500244140625,0.9355566478305217,20.38,20.15,20.5,20.325,0.3500000000000014,101.0,12495,0.3253851641845703,2026-04-20 15:02:05
AAPL260515C00260000,call,2026-05-15,25,260.0,272.56500244140625,0.9539008958271986,16.4,16.3,16.5,16.4,0.1999999999999993,236.0,11958,0.3108589422607422,2026-04-20 15:05:45
AAPL260515C00265000,call,2026-05-15,25,265.0,272.56500244140625,0.9722451438238755,13.05,12.75,13.0,12.875,0.25,403.0,11743,0.3034127276611328,2026-04-20 15:01:03
AAPL260515C00270000,call,2026-05-15,25,270.0,272.56500244140625,0.9905893918205524,9.75,9.75,9.9,9.825,0.15000000000000036,8376.0,28198,0.2957834094238281,2026-04-20 15:06:51
AAPL260515C00275000,call,2026-05-15,25,275.0,272.56500244140625,1.0089336398172293,7.23,7.1,7.3,7.199999999999999,0.20000000000000018,1975.0,22487,0.28992409301757804,2026-04-20 15:07:34
AAPL260515C00280000,call,2026-05-15,25,280.0,272.56500244140625,1.0272778878139062,5.12,5.1,5.2,5.15,0.10000000000000053,1639.0,39284,0.2852244329833984,2026-04-20 15:07:50
AAPL260515C00285000,call,2026-05-15,25,285.0,272.56500244140625,1.045622135810583,3.6,3.5,3.6,3.55,0.10000000000000009,1501.0,33548,0.28253891296386713,2026-04-20 15:07:31
AAPL260515C00290000,call,2026-05-15,25,290.0,272.56500244140625,1.06396638380726,2.4,2.4,2.45,2.425,0.050000000000000266,4635.0,19467,0.2823558093261719,2026-04-20 15:07:57
AAPL260515C00295000,call,2026-05-15,25,295.0,272.56500244140625,1.0823106318039368,1.59,1.59,1.64,1.615,0.04999999999999982,2306.0,16712,0.28339339660644525,2026-04-20 15:06:47
AAPL260515C00300000,call,2026-05-15,25,300.0,272.56500244140625,1.1006548798006137,1.06,1.04,1.08,1.06,0.040000000000000036,4529.0,22938,0.28516339843749994,2026-04-20 15:06:59
AAPL260515C00305000,call,2026-05-15,25,305.0,272.56500244140625,1.1189991277972906,0.74,0.68,0.72,0.7,0.039999999999999925,1376.0,7538,0.2890696093749999,2026-04-20 14:59:41
AAPL260515C00310000,call,2026-05-15,25,310.0,272.56500244140625,1.1373433757939675,0.46,0.46,0.48,0.47,0.019999999999999962,548.0,15742,0.2937082348632812,2026-04-20 15:06:04
AAPL260515C00315000,call,2026-05-15,25,315.0,272.56500244140625,1.1556876237906444,0.35,0.3,0.33,0.315,0.030000000000000027,5245.0,2343,0.30005582763671873,2026-04-20 14:39:30
AAPL260515C00320000,call,2026-05-15,25,320.0,272.56500244140625,1.1740318717873213,0.22,0.2,0.22,0.21000000000000002,0.01999999999999999,96.0,8936,0.304694453125,2026-04-20 15:01:31
AAPL260515C00325000,call,2026-05-15,25,325.0,272.56500244140625,1.1923761197839984,0.16,0.13,0.16,0.14500000000000002,0.03,108.0,2220,0.313483427734375,2026-04-20 14:46:05
AAPL260515P00220000,put,2026-05-15,25,220.0,272.56500244140625,0.8071469118537834,0.29,0.28,0.32,0.30000000000000004,0.03999999999999998,287.0,8216,0.42627526855468756,2026-04-20 14:49:32
AAPL260515P00225000,put,2026-05-15,25,225.0,272.56500244140625,0.8254911598504603,0.39,0.38,0.42,0.4,0.03999999999999998,48.0,5426,0.4074766284179688,2026-04-20 15:02:05
AAPL260515P00230000,put,2026-05-15,25,230.0,272.56500244140625,0.8438354078471373,0.54,0.53,0.57,0.55,0.039999999999999925,272.0,25285,0.3913635083007812,2026-04-20 15:00:39
AAPL260515P00235000,put,2026-05-15,25,235.0,272.56500244140625,0.8621796558438142,0.74,0.72,0.76,0.74,0.040000000000000036,168.0,14065,0.3737855590820312,2026-04-20 15:02:05
AAPL260515P00240000,put,2026-05-15,25,240.0,272.56500244140625,0.8805239038404911,1.04,1.01,1.03,1.02,0.020000000000000018,573.0,20990,0.35742830078125,2026-04-20 15:02:17
AAPL260515P00245000,put,2026-05-15,25,245.0,272.56500244140625,0.898868151837168,1.44,1.42,1.47,1.4449999999999998,0.050000000000000044,515.0,12965,0.3464420825195312,2026-04-20 15:06:28
AAPL260515P00250000,put,2026-05-15,25,250.0,272.56500244140625,0.9172123998338448,2.01,2.0,2.04,2.02,0.040000000000000036,542.0,26734,0.33350275878906255,2026-04-20 15:05:05
AAPL260515P00255000,put,2026-05-15,25,255.0,272.56500244140625,0.9355566478305217,2.79,2.81,2.94,2.875,0.1299999999999999,389.0,7345,0.32691102783203124,2026-04-20 15:05:31
AAPL260515P00260000,put,2026-05-15,25,260.0,272.56500244140625,0.9539008958271986,3.98,3.9,4.0,3.95,0.10000000000000009,1843.0,14322,0.31464308410644526,2026-04-20 15:07:17
AAPL260515P00265000,put,2026-05-15,25,265.0,272.56500244140625,0.9722451438238755,5.3,5.35,5.5,5.425,0.15000000000000036,575.0,6865,0.3068306622314453,2026-04-20 14:59:44
AAPL260515P00270000,put,2026-05-15,25,270.0,272.56500244140625,0.9905893918205524,7.38,7.35,7.5,7.425,0.15000000000000036,1736.0,15407,0.30249720947265624,2026-04-20 15:05:51
AAPL260515P00275000,put,2026-05-15,25,275.0,272.56500244140625,1.0089336398172293,9.86,9.75,9.85,9.8,0.09999999999999964,499.0,1436,0.29480685668945306,2026-04-20 15:06:13
AAPL260515P00280000,put,2026-05-15,25,280.0,272.56500244140625,1.0272778878139062,12.78,12.65,12.8,12.725000000000001,0.15000000000000036,43.0,13286,0.29218237121582025,2026-04-20 15:04:30
AAPL260515P00285000,put,2026-05-15,25,285.0,272.56500244140625,1.045622135810583,14.9,15.75,16.45,16.1,0.6999999999999993,1.0,1390,0.30011686218261713,2026-04-20 14:09:38
AAPL260515P00290000,put,2026-05-15,25,290.0,272.56500244140625,1.06396638380726,19.75,19.15,20.5,19.825,1.3500000000000014,22.0,503,0.31140825317382803,2026-04-20 14:59:08
AAPL260515P00295000,put,2026-05-15,25,295.0,272.56500244140625,1.0823106318039368,46.3,24.2,27.3,25.75,3.1000000000000014,80.0,1,0.43646803771972653,2026-03-20 19:31:53
AAPL260515P00300000,put,2026-05-15,25,300.0,272.56500244140625,1.1006548798006137,27.6,27.95,29.3,28.625,1.3500000000000014,46.0,33,0.3371648315429688,2026-04-20 14:32:22
AAPL260515P00305000,put,2026-05-15,25,305.0,272.56500244140625,1.1189991277972906,40.75,31.5,34.4,32.95,2.8999999999999986,2.0,5,0.3809876354980468,2026-04-15 18:00:02
AAPL260515P00310000,put,2026-05-15,25,310.0,272.56500244140625,1.1373433757939675,38.75,36.25,39.2,37.725,2.950000000000003,10.0,10,0.40454697021484376,2026-04-17 15:23:43
AAPL260515P00315000,put,2026-05-15,25,315.0,272.56500244140625,1.1556876237906444,42.95,41.25,44.5,42.875,3.25,4.0,6,0.4588677160644532,2026-04-17 13:40:18
